layer,similarity,n
1,0.06327479338108613,7995
2,0.06277334501125849,7995
3,0.06273620813399461,7995
4,0.06294917385133694,7995
5,0.0631832809229504,7995
6,0.06290894210239374,7995
7,0.0628426324381734,7995
8,0.06310990709778723,7995
9,0.06322795573386351,7995
10,0.06325911116729378,7995
11,0.06347511142838323,7995
12,0.06307219284873179,7995
