layer,similarity,n
1,0.061576789402324944,7995
2,0.06190085172381663,7995
3,0.061630154516242236,7995
4,0.06055962570489125,7995
5,0.05851204328095639,7995
6,0.06174341968055111,7995
7,0.06193105740553538,7995
8,0.06226183436359732,7995
9,0.06846187004343687,7995
10,0.07041903159929688,7995
11,0.0727175315748981,7995
12,0.07315127248491395,7995
