layer,similarity,n
1,0.19882796898667862,1250
2,0.1960199571489795,1250
3,0.19804163492669408,1250
4,0.19860737457894098,1250
5,0.2003049841906164,1250
6,0.19979001736752944,1250
7,0.1993438037020778,1250
8,0.198113563700874,1250
9,0.19976315641371048,1250
10,0.1962426546796377,1250
11,0.19974943473363038,1250
12,0.199824590328695,1250
