layer,similarity,n
1,0.19065313837591702,1250
2,0.19623354287559386,1250
3,0.18807617372140373,1250
4,0.19727008649818284,1250
5,0.1851785943613516,1250
6,0.19165071502235748,1250
7,0.1893597266629532,1250
8,0.18968747625633925,1250
9,0.18696965962732914,1250
10,0.2074681153874982,1250
11,0.21879370606282256,1250
12,0.2118708259113085,1250
